username,password,active,is_admin
system,admin,True,True
NijpUzRpDdoeNkK,aJfCNAlQixfdlVr,True,False
eIXzBSMTDhQbrtK,glzUNTXmsCbWTLF,True,False
zkiVpUREcXDeEXX,YpugrXqXrvGJjnr,True,False
yuhEhxSUpdbxfRf,ptLdGxXoYIqOkoX,True,False
yhOmWMgcvimqXla,vwRNGxjnBZgbYEj,True,False
YlFdlMQoAPsEZCn,YqKTpMVYiPHRAXS,True,False
IXDjjDHcDiSXneX,EwXMHrDBXBVvvWo,True,False
LTuFVopsAeLJKrL,EtbSyoYgekAXSQI,True,False
ZlYoLJzgRTHColZ,NJKEMdRWALucWJb,True,False
iwsdlqJxnGiKByv,CYDYJCADipEtJuL,True,False
MKQKvHwbYrAVHLo,bDpIVkSWrSQfymM,True,False
GCwbiCraJgLgObC,PKEDoJIUCpPNLvk,True,False
sqUcCLGuFzHdWSs,fdjUlCMNrhFKEJr,True,False
ZRVCByNvBHmfBBA,jsIGempTziRzBSG,True,False
VJaMpbuvgOHzuAx,fjXfJceKFFRtYtD,True,False
AhGvKOuHLhHqmyQ,cWzIGjkIFodoTct,True,False
AZrCWFspvGWoetz,fqVvQVRWpbYBioq,True,False
xSYvBzugkmwkcmp,YmxzjXDxRtJiClo,True,False
RgnZzsRnIBedZut,UUflmgJHziyHBxR,True,False
jbbDJvMMZbNJisG,KmOMhpZDMcROAgP,True,False
doZtHBmDfJOwbpR,fXhpgIsiuaFZlOp,True,False
wpxTWQKTpQYDSOI,XKgOogyvcLOyRqf,True,False
kPTwsnggerFIerd,cSSKmQMDhhucnUl,True,False
qvsXuJdoGJiLVap,qxtvAWoZnRTMzkP,True,False
SptYzAbCKkdBykm,IEEOvOwgPEvNfLs,True,False
rnuQTuGCAAkZQfm,HywaBGMJdrGQfQX,True,False
DeiYfVzZXkCubLf,qsCTHazpYLAxDmc,True,False
sNUcbwjHBqfgwBE,HqaquiICVZqlSre,True,False
fiwtMGzwepjLyFz,vSvNFyNTYleYdse,True,False
OgyUiqNPGgGsrZP,zJCsZViBcWNXRzl,True,False
BIcFfbmjPTFhRRL,sTmBerPoiyAZDkO,True,False
wXxcAOISXiRofJy,tJmHhMoCPqFJhiv,True,False
ZKNiyedepKgiIpr,HMmrfqhsSvAkOws,True,False
EzRHlZApwBzgkDi,cOyKjWZKZmFlRAu,True,False
NPmDywomYDvlvWM,tOneNktCOgBCMRq,True,False
QlUIAdhAQUCEdlc,EBzogEaQyaDfpeX,True,False
sMXOvRtMsjQaoXA,xHHRXsVTKPZNsmf,True,False
dRhtIMbTVWrAQRn,DXuNlRpdfvNUAKO,True,False
XxEBCVRcfJhMOoV,sBfbSpxuJOHDcRX,True,False
odbWuLcKdRowtss,OOAptJCpTRSJyOU,True,False
tmPmWonpEjNtOuO,YPULoZtRhsOSvvW,True,False
IrZTMbqgvZxfaIA,gSQTywHDLIYOsgz,True,False
NRkxNvYEQOIcNsl,GfeXwYnPxkwxBQA,True,False
xSEPdrbdTQKDfCV,oeadWWfWZBwqHaw,True,False
EzPgaESsgkmTgfm,UCyTPsiqJeKfiui,True,False
AtkCuuJyRuwHvrv,BAgckpxYybKkuJx,True,False
qjJxfmilYKHpipa,SIngPXRiWbNKNuw,True,False
sFtCCIGApViJoIJ,WaMCzngHvcALErL,True,False
fEmCuOjFrRiTsPf,ULmbPwMgrDYfatp,True,False
UucSfvPoWyVvkgu,KvFQKpSzFdyvIxY,True,False
DpuRjkLRWtzMDpU,sSOXeVXUevevcyh,True,False
vNybyiDogONqCaT,IBOUptbsvDegXiW,True,False
DfQPXrfmVXblsmI,ScOGToOrLeklfux,True,False
mwtqpRCwoxHlQtz,XXjsSAYzQGKnCWC,True,False
IbLYoIbyMLIzDip,biEgqCIpztnBtAU,True,False
yPIxBajCgCTxUiV,gvCMYHvCiKZtWQa,True,False
aDktoFxvkiLGZeY,mdgWasGtodJhLqG,True,False
ctvCaXblnSIAkaR,ZdVtUggSQzjclwB,True,False
FFQuARORPHugxWj,nztMJYHvsyMonEy,True,False
eUZGEtprPYFlvVz,fgVwOzRRCogtfNd,True,False
bTYYhbQEpwwSNVG,YAkErTsTaClgqrH,True,False
fXfJQJkkZvXfymC,OLDvHbXnXptseyD,True,False
iNdCluELFPjRHpb,RzsmzSBslzyxraK,True,False
wVLhaXkvQWZTRTC,QRLhjpFxTbutnxt,True,False
dSzQSRjlWnRNMUQ,xOkaCZCEweHSlVh,True,False
nYbpByOjPSlDCjE,aDAFxdLTbophbBv,True,False
rYyfLFUzCKzDpvG,UxsuUosRExgGJru,True,False
RDiNSvRftleqqPN,BUTPwljEkXQfsIS,True,False
GYnVQkdFqtcURuS,ZuNXXEsseUuUqli,True,False
doKywLigYHitKWs,OPYPMPXSRZIZpax,True,False
RPSTZRzfevWkXlf,UOkYMGklHvSNZuW,True,False
VvdePFwxHHdcbcE,KhWqkuvjBqlkbip,True,False
CmKxtsknSDuhTBU,NMLcstLLeTWmHuQ,True,False
nPbwwkJHNHcVOWz,xxvmOamafghlalB,True,False
DcprweARMZTciAL,zaYeMGswzIwfMgx,True,False
mtjudQUhJzdhmba,GglVVahCioJdXXF,True,False
PkNaywsKrNadzgE,XcbqMLfodnGGctz,True,False
RSetvCbiKDbLVUS,MueDPVpmNXhNuyG,True,False
eSdDggUCkEyklpj,fBDxVzakgfuiwUS,True,False
iPLRndlYwKxttHm,DayZELoYtPTnDQn,True,False
VKWnaGGKCwEsEJB,WwOruNQTTLVWgXo,True,False
laqiXYmBpcTBHlX,yHNECUqhMJMKdDO,True,False
JQLEKVjJsvdgGaB,wdYWlKdaRQqXZXn,True,False
ESdnjICLlaRYcnc,ObWnppTIBjmrPwt,True,False
yHooxXTymQcGutI,SSErSwrtRBJzULy,True,False
PJBrDPbtlDAqLqV,jceZyjhxKNDGHoB,True,False
fjaQsRHLkoWkscr,nHvELJqHWWxEcsN,True,False
suiDziuXBwkqnPo,GPSjfkkCooVdTfv,True,False
RPShcbqDneuDNop,EOUaMvJJeCjGGMx,True,False
GNFiscTMOYfsxpo,dfbSSPBhkGHfcrs,True,False
fyCtqbZgdcDkPmQ,kXwAINzlERWbZUQ,True,False
KDgZADAyLNJRgFZ,JQtxJlIJxRjhHvY,True,False
SlxjTVLbRHdrtHy,ByOKhxFOHpeuNkP,True,False
YqLtZZXzAcsfwml,zrCRPRCSXapmkWe,True,False
CPqHgllxCnfJiAN,riBwYHwenscjkaE,True,False
HmflcdjGkOEUtRW,nDlLKNyTCazQBkh,True,False
XFIJrptQKYBOsbt,odWLIrlHroaQuKm,True,False
McEuZLAUfcltqVC,bIQjRpEfstFrmYm,True,False
odpifJZngwgCygb,ZpzvjOiiGrHsPwE,True,False
XgOrjtEkRfSmhGR,DiEhdmVWoIYfPvj,True,False
vUoFZgVrGSlmiJt,jvWrotjbonrrzvi,True,False
nqGugOWvlZQOZXN,VMAQQZHcedgqQWG,True,False
HXVvygmbMvMmYle,HNrQMOPukPNYYFE,True,False
CKJAsLhxyaqVKRu,VElPpOLXqFlApEe,True,False
CXcnSOnfasoroHI,JinhsXddjplncBq,True,False
pbyDfgHkbbfvSam,tMZsMCKYkResHgM,True,False
mmkwVQfPyQdapgi,uQhcqhJHyRjBbOv,True,False
wBMchobUSkQnTZZ,rznAlRZWqWkLqUN,True,False
YghRYjKlzIcVYzp,ThEmeynOipnVxtH,True,False
JrAEpdpdbQZxJju,aqhMBQvGwooiykI,True,False
mKrLxthpUwfTsdO,dwyXxgUwkGGkOzt,True,False
YzqGeiNGbWlMNPA,vdkfBiQgFZlahnq,True,False
cgmVfBdIdQSzenH,laPgbRDUUGMVUMy,True,False
hVZAbNINUQEwwLg,OEEUTqJOTACzINV,True,False
kIIeReQDZEgGkGA,nMGKCfgeDffjhnv,True,False
fYwzVmkNyQScIkY,qwCKBaKrBaNsZJR,True,False
gjNsvHSNYxgoxix,JWgXaALocHdckac,True,False
YpTKPjFuICMWLJC,mbnyFcZwYcHAxYJ,True,False
CcvpuXgPsVlExeG,SGLjKCUCqDCSSWO,True,False
hiwnrZAdOqukegi,bbCDwgnvNGRuSVa,True,False
ggoEWCYCvOQYtJB,bVuhujNqrfDQqWM,True,False
noYoNzUeEFRujrO,knCEoLzDUXgPZtw,True,False
PGlODVcJtkjLCcx,yxLxoMKKOUaSkeS,True,False
dtpqqzlQfcetHEr,naOgIZLYdlvuYjb,True,False
cJnnHAxXxxRTMNy,jdmlvUCnhbEjWel,True,False
rWHtEaFLwYtbwGk,CgtNuoSKiSMkDTp,True,False
wcKdyPYBXLdbriN,ZACgrnpoqnZQZJd,True,False
OrKCgQoRqomoVIY,abdtpFVGyBKsees,True,False
dhLzXQCWylxUsSa,LBNbjcVGksvdMms,True,False
ieDLTJFqTSGQsSg,xFlVkhTliRkGhQa,True,False
HrGHYzllqluWynz,dwEEmCsdahMVTzx,True,False
qbsYOFYNwVcBSvB,QVEBbHuFvpLaECk,True,False
zVKyCnsuzfWVAwi,yGKOYpczXbWStoG,True,False
AndPlSddMKBpRqW,IkOhprtlHmajHCP,True,False
tKIFVlZqUlySSfQ,VnyxBmvpDZqzgze,True,False
RHtDnrnItBhYhwc,coMPVMAHdFQEaVO,True,False
ueYQAHUqfDplEsX,heLiCWJRhnHHnMS,True,False
LRGRJTykyjcpAaY,fUCXfahaqQjxhkM,True,False
TDVWebdypSAqKzp,kQhfKgAZVsbFTue,True,False
nkcQueRgZyNbDMg,GTnKgmSJJILmIxI,True,False
DhfGcIAKPVxptmU,jGEhaBicmZAGICT,True,False
FMpPMekqvkcbmmM,hHWkHrQTacBleMt,True,False
CAICMCnnBcpJbtu,IbPdHsTReROApnp,True,False
jMyhuCauBWNqxOi,EZVvXBXGqnXylVn,True,False
lfjJSGmKzgwJIeQ,uVEFZWVKrWUHJYl,True,False
YsrPQNVzXHcMVSy,hbyktGgNXGOqlWU,True,False
UOPNLCAkMRMNhIG,XmwxmzCrMaJZgZi,True,False
zFzZBZPpaTeRKhH,rxGtQciBGezggxn,True,False
tZdlrGjOfJVsddw,oUOVSqWLzvhDqYK,True,False
PSTKwRAuVbKYBlg,UibETKVooiduMCp,True,False
YywhsuoVGsVouNG,EIJTAycLQGRWRLo,True,False
ghwWfAgCbnoXSrB,PsMKOndEGHIdlvV,True,False
MhxQCqKtewNINaf,AqmRsnduqdMbRNG,True,False
UthJbuxiFplkZDl,TUrEIIrRsSraPOh,True,False
CangyfkavlHsVdE,TkXClymVzoMxLVB,True,False
yyRQJXEHZkbATPb,WsLgeRCUAKdnTtE,True,False
VkPqIisjLORxlwi,dZYjVlvMKwECKAZ,True,False
JISSArERhDGQKSn,KEUOVDvNjdJtjfO,True,False
TKOEdsAatKjrLzf,AgHpMtCqrFAAfRv,True,False
ZTNagpasCISYzxm,GVXilGjsiifuukT,True,False
clEZvGsVHjXoHsz,llOtTHAUSqlHcrT,True,False
rGoqEyROiGnDpBZ,vIAxzmKitnSDEGr,True,False
RxhGKUIGSchPTCW,bvuXsTwrNiUURdI,True,False
vOQogVEgqCjqcIz,zhgtpfpDlbdzDOM,True,False
EmGCRQYYxVaAqno,wrpNZKAIybEoXPL,True,False
ipWzHKUDNjPpgms,hdobHvgpVnGOzRW,True,False
XDDffqilxOXkrWd,sOnpBoJHRoeZYJv,True,False
zDfZiLYsyVbKgMD,yICdMhSjrgGJMLV,True,False
FicHidrzITOUtts,eZcDCnnvTMNSaUA,True,False
UWqLKapyeJPdBle,zuvsCqFQuKiPVhL,True,False
AfOixizuVtgPPkR,bYsUFnVOJeadLEd,True,False
pKJvUAMnyFlbDMy,lqMTBRVprqyOOCH,True,False
NhBgzLQdnhIfEDP,eZitsejfyNNKHtA,True,False
aQyKRxWsadEwLaT,hOKzMBGUYviWqLK,True,False
LwNNqfmeHlsAYIO,NlNSLKbShsCozdl,True,False
LHqElLoxcukYobn,cCtuuKFcGJLjZkk,True,False
JYLkCumfMRmFmAu,cBrvQPsCyVQYxpH,True,False
QmwPLrTRXfcmQUr,hHdhkBfhRyEYBoO,True,False
yFVHECAIUbLtOXi,KMAhwqcWwLttKtf,True,False
KikeoqRcnQOsPkE,EncUwnelIPmCwDy,True,False
ABIhwnYlTcNsreF,ZYEvXFXscXUyPNI,True,False
cBjmgAfgOxXWEFV,VCdnLOJeNAWUrRG,True,False
GGdzyNFvuOqeKPo,EpTjzbngKHzvEtP,True,False
aoOdKWspivwCjAa,zQAycUYyGtqjPsG,True,False
KsQKjJQkJbqRgbU,fkSnYNOsdxcsexQ,True,False
bzLzrQKIfoSuYdG,fzqcpMuqIESpvFS,True,False
HzWGfosUAsgQhAo,HtUedMtCYGHeDqK,True,False
pyQJcIdzWEcXZCy,UswANuVzXHeIaEX,True,False
eSHZcLYoiErTrhX,GEGMvTvgRdNCvGd,True,False
nSSHUppMnwaXAMk,QmEzzJUHOeIBDTx,True,False
ZygqRGNwxvSnLVv,wzhWeehMpyDiFVl,True,False
OVxhHSHTGBLYiBu,kQEAaQfDdAtNSPE,True,False
AIShrMGemabuogI,ejUMeYdEToXnPOL,True,False
kjeBsHXMwlJgUBb,gZaBaLgMDTTeEWX,True,False
fWjUgSnlRxgoxIr,geoWfwnwEqBKSin,True,False
FrQxpejqWGvhgly,qLNcBqTiCqqZgkc,True,False
EGFZzxNJMfOXyNm,aErHVvoZSBXNzwM,True,False
maVIoxzxAuwhhqJ,RGvxNRPViLzfljM,True,False
iqoziOwvNWDXLdg,oyHRAgIqoucOBSq,True,False
twwVcGMMaVbSPaL,vPrXfabsyTUlmKu,True,False
nfCLeRziCWaYYOl,PQBPeHemBcbKruV,True,False
JeQIhwmHeCpWhgt,ZjviecFwvgtqwMz,True,False
HxqDLftlSYEYYjF,ZwCLiJpkFACiAUb,True,False
qAEHLTEUEMSMUZr,cEHiGSObOjxYiwc,True,False
lJvkodQvsrQxQhZ,UIdKCAOHyTHWyNb,True,False
AaebbggYRmmXDnd,FXiHnrWjEHjfxQz,True,False
DEgJNHkYEFZYdVG,fYrOUqYhjpEufKR,True,False
pIJmaxCzjyFkfzW,bIyDUbUoMGuHFOl,True,False
ozihBaDpUWQbAgK,wYTLgyRYKxWCTnQ,True,False
qvTPMoXjVJMDkDv,ITOKtbzzGBJHmUj,True,False
MvBIanDIVKUMyOU,emQDLSRbyuxJtYP,True,False
FcDMjqRInlHkcYD,lDAFHtZFClUjcnX,True,False
XvPVJCowPnpSfHe,msvYMQAuLNbkrLP,True,False
DpNmqROEMKUmeOJ,iUeufyCrkYnqKJD,True,False
NvGKHHKlvhTiDhz,XeZsNMgNbtzNQUV,True,False
mPaOvYEqjlTMlXb,mTZxrZZTdgIBmMd,True,False
cbJZcOLnvdvZkNp,uGESBmJqOZLlysa,True,False
EOWlcnNLPbobwyC,zotbjanifvROYIJ,True,False
DMPKHcOpOIqMWoj,xZayZyOtUwHZGhe,True,False
jpHbYUPCocpdFhJ,FJcWANNLZKHxLcF,True,False
gKPyurAJuJtDLhB,HwcWZiakmJYGBRF,True,False
yQyiCwToNgFpjUg,WRWjqmjXnfSZoAS,True,False
JMchWmPwnHwWgTY,eFPvPvLjAiBDNqq,True,False
zpEPdydpLqPEfxg,IkiZstdvWORhLWF,True,False
ekCCCXMOCxxrIKv,VfUdYaZTLWePSqU,True,False
zNjPtjndCQHzllN,mDqeZlmIIlFHOAW,True,False
YCNMvVZlrvovogO,XJSZbdWDpLatEnc,True,False
ZByBgpceUltAAVK,cNRgJpPbzQbAckH,True,False
kBpVUlzSsXyxkOZ,pynctPpnAjmoxxk,True,False
QNqfVgCTubOoETg,rBXxAvTRYisQjhi,True,False
VvinhKkCpJVKuCc,OhtujuQltjacVOM,True,False
UdtDinHwFrgeRFA,TKhrOwhOQMamRaq,True,False
fqBqxAeGxDAZFTU,khWIuucGBjwmLxa,True,False
xCfhiabbFQmccgm,hFCkqMedqPcMfYT,True,False
RGYSHrmIxySFlYD,bCTkYBiGHrxvZGt,True,False
vNQecpPBWuaFzGA,sokEhwgCrezUBnW,True,False
wInGmmTIgRygZEu,dHxItpXmsfWiocM,True,False
ayLRQnRBWGVoRvZ,yyXgrQskkKGgIRF,True,False
GXkjVMGXFtAzxVq,XnWTOePHJgcsEqy,True,False
UgyHlHijpYNiRhy,LiThdtgPLqAOeVk,True,False
omwmGWZrQdQhzpE,TYxgnNfmqhIFzYd,True,False
uFOrlTiyQDUoPgx,SpJeHCupakEwBNE,True,False
GOTxlMqyynUbNCE,jDifcNFAwTsryYt,True,False
rrcIyORzYPfNtcA,mjQPWIMimdFKAam,True,False
plrzjBGKMIGfHRf,pZIldRFftEuyRLT,True,False
MVjXfDSCjWmrdLe,exCblqRrVFggZgo,True,False
LMbXqEdfjdatasb,DFphPchpEKqBKLn,True,False
KzAYkadYpHpBEWW,zraemEZSoaSTcpg,True,False
FJSEXvAHNGFOYLs,UolQhYKCSmajERw,True,False
stWAFyTisPeHPGw,JUxislYkbLSaAQJ,True,False
gRpdYALGIgWmaee,qDVwGNdKauWbxfH,True,False
LCxzpHywHBirWHd,vUKorRtEdemCISC,True,False
BRSBNQUcOAtIXBR,FwtPyFgaMQRQqfi,True,False
AwnbRrCNEeDbmjt,ZltcxGHOmJVfVjj,True,False
ykrFyCXtvpOVOBS,FVDuwKoiTKcejlf,True,False
fWLyOUtfhKMOvkN,heLutAAOdopoPSA,True,False
VmQoHckiuvMlvnn,eQBxUsAPHKJFnPO,True,False
jMxOdlJflcePNEa,FonjIJaSPWuMnuo,True,False
rWSybvtKFaeKphL,xGGJPNbUPjdvNwW,True,False
FXxyoNLWgqozvYD,aoQiIMcSlnnqEme,True,False
yxVIHlXejKvMwpa,pFctPICZUZFFcCe,True,False
pGlFxwxRclqfgIo,DzXYTAUYqOWpihU,True,False
MaxNsaQmRLvObAD,DeaAXmdJewtucVD,True,False
lpgWOstAMZnigZz,LGPfosLkvVkJdfV,True,False
IXsxchvicgBbhrl,qSbKmGLMVhrfLiO,True,False
TNTvUVnuLkFtosk,iyoldWftIQNLQXm,True,False
BiBUXsuqfUWdTPd,gadjlkcSfxvhfPN,True,False
LPqnGWvPYrDbQMN,WmzgkiMlpSfnbgk,True,False
QYBWXSZdEcHWcvi,PObfwkUezQpXrdp,True,False
CQEqAhFhpqPjAfu,uRZGJojwvmPiqRf,True,False
RltQKvKLOmNMDmX,AFCVqBpXISIxlBL,True,False
SinPxGPMRoNVdom,KXfQrTKDqkhlLHF,True,False
YULfemlMZnFgzXc,pLVmQoizJsORBkx,True,False
NBJFpamvvCmSHoP,fEjGJdeizxnIKos,True,False
HavfpSsMIibaMzR,yUSzRIMQmyDQnnt,True,False
UtCYRmuZIXBILYj,wJutdKKfSSxDgwp,True,False
ACynuEewJiWuYin,IhUXMFerweMaDTK,True,False
VAMRqTJoYNjUXtV,vtuZOSnGgmWNjgJ,True,False
vsOXjwLqqVsubKv,gmCghgqbMSnOPHt,True,False
aRbNFULKzTcEhgZ,bzmacYCjiUdZcgj,True,False
nXneGRsquLXpEqQ,VcoQuVYdzMTVlvQ,True,False
PfSFUVvERPnfckR,etGqjUCtqYrfEpT,True,False
kjBHYrzxmnXihCi,HIoXvHfzvIuvrET,True,False
qDUgJCefByiYxzz,GcWqyaypNvjGaCe,True,False
ZEeujVSsjDrKZFZ,hfumfBuNlpQdqrA,True,False
dcwYGLCThvshuUf,PuIotbhkOpqsrEX,True,False
xYuAvFjvYFAmrEY,SQlsnbEQivMYMcW,True,False
ezRhipJxBbEHsij,IIgxwpOwQvUEMfT,True,False
ctYusBwfZwzFrsj,IGvTvmebCStnfVe,True,False
tXGWJkiOVOetqOS,QDbdNzLzSYDTagl,True,False
XKmafjIkQTnumNY,XCOxdvNXraoKOBB,True,False
PfuPoeeyaEcjhGT,DNgeFvQZBKfSqYP,True,False
xcrXmgPlzqrdcwC,XDXZJLSRhANbaob,True,False
xIDWunclQqLHhwC,OHyHqsRreCjcRSB,True,False
mIDYoTgwaDOnyeA,UtKGmhoFmcwVMiF,True,False
AjjPZdRSvdabCfL,LyenxXzIthxPPoW,True,False
HBrWTUIHnzHOQtU,nIQkJSKuHaiVTeR,True,False
jZHRQXLMMtvFGcH,PgtnxkeNHlfgCxN,True,False
XkehouBUAHvLHNi,GyoVNnXehRdZBrD,True,False
nyWrsJNXbunxsAk,sNYxJyiTUJkcMkh,True,False
JFdZUJqfAqnihvj,dErUlnzmSxJFsGp,True,False
EcMcOzaFqGMJOeG,SlllXWFadoJDEAU,True,False
NDVLZTvtTSjPAAR,hCXVoDEtwtfLKKg,True,False
uPunpRAWIGczcpx,WBbRuAiXjbDynEe,True,False
PNMbMbCTemlnkdJ,GXlEOvXRbXycVJn,True,False
exlqgdDEmmuZUbo,fPviiGNFilUKlqb,True,False
RqNvywxehkLegmW,hSHbKVDzTZhNaXf,True,False
POGhofdcAcUgusf,nCpGUGKIfTAvZTQ,True,False
WopBYNaJKGTawZx,ptMeurxqnhnAtdp,True,False
USquSJbwGrqEHoz,mIoSSOzkRjKxGfK,True,False
fzqXERMrUYmipZG,MUwQEIZerERPMKY,True,False
CVgQTneOCPfncBX,pmZCXsihtklXwMZ,True,False
ZeYzcnvuMBNPANY,cflixTFealKiNWD,True,False
tjOoKcQVONIofxs,hvCCYuqtIeMltrT,True,False
fZcYwtqZjjunmMz,tuKQoAewqpirhgv,True,False
iMKDxcDrNjXnMeA,wAptTfoZxAZgLli,True,False
SsOYuDeikQPRdAz,zHGIQoCHFCFRxhn,True,False
LmQMgpQzAVBidLm,ipjXaJVtkVBZdCv,True,False
WVSkUrMKAHMeYcK,KwkquCZXbAdyCGs,True,False
BVsHphRnuZEpwXR,TrhAkrHUYGjlbvS,True,False
YJqhVTSxMnTiYht,CvoqPCrSykhnvrU,True,False
LZyXyjkbDYAzQOf,LfykQosdUSnZHOb,True,False
bZpwPMukcROWNuB,zQIQnLgdWgUAVAP,True,False
lShVVpidcsXAXQC,TRVQigcbIhiihwY,True,False
xjlqsjlvtPnVXpV,TZKytXdBOmKjctC,True,False
SCOHyaWoiCvQicb,oAZPlDzdmoNrxFB,True,False
rPVvwPivvWCLQHD,cjJxEUKvQSwDmcy,True,False
AYOIuuVWdyBEjwn,AXgMVYasTOThUtC,True,False
idxEjsqAMCDWEug,sPhJaQEHRmYFExi,True,False
qFkFmtNWlXqCxqO,lBYzZoSWBlvXySz,True,False
tVlnNoePkCRKHTw,xTDKTrOZuMSEaGX,True,False
PBZcYjqWNqhcTES,IImzxTtPDmNziWY,True,False
QLWQzmxqQmyxNKX,cdcEHdYjGmRcdRu,True,False
SefhVcFLPCmBofp,ydzCBCSZTBMXtTA,True,False
TdFNpwdAgqERbJk,ZHvbOjVfPOzZalV,True,False
bxMPpEGhlFhlUTm,VnTPcfGmsygEjDP,True,False
sSghGJxHbSbZAuX,BPLKIyfkEweWYUk,True,False
KspAllegXUiGZzN,qRVQiRdjSVntIiq,True,False
FMJQOCfYhzrkbTo,hasayrFzIvEExnN,True,False
fgcOyNENVcavRom,kzzMEAdpcJNIMaC,True,False
xSVMhsImTNvhAoN,LqOCWIlQNNCgktv,True,False
QfSIPVbbBifXoxj,gzoEqovuWXslQiZ,True,False
RgbUFULhSJBNkak,MMurWXCJwJidtVT,True,False
wDRLhYhhoxvooeA,xnUzcWuCBAgBAcA,True,False
fKLHIeRfEluydtP,ISeoYaRbRHDxiDG,True,False
RpNbhjmrrSnrBYL,AWZjvMtmVnIgNGK,True,False
gORgeuLyVlUEciK,sRJTnlkESaayMoS,True,False
XXFuezhsajedXqs,aMxMMtyCKZGpTzB,True,False
EovYpkpkjwGKqzw,pYQkEHPHKGNAnvN,True,False
SgfUoUHRQbGKjsx,YUgdvwQgdGGszZj,True,False
DPFCqkexozCnwhc,oYaECySUZGgDatn,True,False
ZAlHKnyJHmkAtWg,VPaMDYjQTvtWfHh,True,False
bOgTrTgtajenXyS,bDpzxIpyOKSNLGe,True,False
emgALpnEWfiTmym,wgfRllLbzXiiGwR,True,False
dbNvfwmrkNwAqsF,QgLBLIserOzACSG,True,False
GOzBrfwRBQsiWqu,HyOQhUiKzsixZXT,True,False
dHoTjajqCxMyDKR,OOMFhcDZkpUmDhp,True,False
bbGjOFULUjBHSKY,LMniSZYOvLtBNds,True,False
eVDJXeIeXfGPKIt,QRXZZlfHiMcRUrw,True,False
aQguousgcdZYsdt,bvekvmoHtKWkulQ,True,False
GsWhbIvXijYoGaT,ozrzqqEDHTqqyst,True,False
QwaQmvoNdyvWxIC,sdhCuRsrCjuPAeP,True,False
WMVvOMypLBPMJbB,fJutzTOEFZsNcsB,True,False
MtDBXnTTJRDDKDB,KXCvuvpuLpPiuJL,True,False
LwbBXZQWoIKeFFE,ZoyMZBXoSOZrClx,True,False
ATuURgAlwstgMfz,APTtWoGVnpDjydf,True,False
VPHpAcdGcxdrkWE,WylahFECiDwkhDA,True,False
rNKMXSvaAUJKDFG,rfkRPhxJWkGUdfT,True,False
afwDCcZZzcBxZJX,sHCYEnNjXDuvdYK,True,False
OuCqhdvpmEfXKnp,xmxlRgvmvueCBsB,True,False
zJoPpXLQjEVnhVb,sDMifmKcMchxFNj,True,False
OGKzEDqdhTiYxvJ,CLydiqAMCfDidpp,True,False
ZkgbGVIlDTGQoeN,sapStGwnfuOiEJK,True,False
CWMeMKcKxkiRzkW,oiCVaKsECGbQAsU,True,False
APqBpyXfUgcxsDj,WIAADqnUUWiqsKf,True,False
XMofIKHHMRIKpub,PujzGEmVqWaiULW,True,False
GevLIVqWTMJycwZ,INmYjYdGSawlZze,True,False
aJbXabrRLQdXAEw,dcZBMcVmqcltfVG,True,False
eKdmmIqcqQrZXdZ,yLqWQhnFQJpWtHo,True,False
fMjHcLQrvfNlOOX,SUEbOoNjnLqboXV,True,False
ONUIerKMNQmUwgT,tkpmTPBrPDrnAmI,True,False
sHBOVFdixQGnVNE,PJwdarvaweJkAFF,True,False
ygEjqXYuMmHeAfk,TctUdCHXqaqNqEy,True,False
JuPMoWZOehGJpro,gjzohOrciwTHHqG,True,False
btBRpMDAhuJjMxc,VcCHjwcZMxqZaoZ,True,False
dCNvybLHFpvgTMe,xsPXxiPeLJYezGW,True,False
QZoryZnikPPeDvr,lETUnmzWGGzHIds,True,False
yWFSFtGqXDQmzeL,iiBScNDVhISLAaz,True,False
mtnFnUGfWpcQXck,GqqJDPRHPIGDwbh,True,False
vbJtJHNsdGVBYVI,IZlnxZLibdNWAcb,True,False
JNnCSaHhLLBbQcS,GBYDNSbqPnRuuYe,True,False
renurSNkPtsHwba,OyVqVXOIdxhTyaa,True,False
crkaEVXvfmWYhVE,AqpSJHfkhLpVFeD,True,False
VCwMqHcHQmbGnMn,ublvSSaPtfyLrnC,True,False
EuGlOGhlsXAcGMK,EWfuJeWgSgHKeAF,True,False
IPiQyvHMqJISnYN,DSMjcDtreTEPyBP,True,False
JFkdezIuLBfiGqM,JjVTrMeFSSKHzvR,True,False
vOAaFxqnPnFyRIg,gXAEAzIZvVtpKbb,True,False
ONWRmYxDTzuXQRU,MSYmnJAFryycDhO,True,False
GNOhOmJqNmqErAG,QqttzsTeRWGMJaY,True,False
fXgDQpqMnQwomih,vDcDRyyvTLPXpHW,True,False
wnxVIojbTDukNTt,MEeydHLgRAOcIyJ,True,False
rfLdLerQneasRZV,cKNjLbLUeXVzvRn,True,False
wRNUlfvSWDhIEXU,MRTvvozpAuhDlts,True,False
grnpsJkFWLARBjZ,dimRikqNLXkXRln,True,False
QFBIDIYPfVPwkPa,CavUMzQTQMbMVqA,True,False
nCQsNwRBVSAlGrd,eXJMHUmcKmAEsqi,True,False
QOwAFtScpJiuTgv,OwVIXzEgAMRxWdc,True,False
gVbynnSuPRkCbgb,UlmTLgFsVFbeqZK,True,False
XzvsoebdgnGsouj,PEWlQjReLTFrBDy,True,False
nvCXPFqLonHGdgK,VUxSxGCbCCBGdEE,True,False
tDbXwswvRcRtxyS,cAYeokmsCIINcWW,True,False
QSFAeiknJeHqGpp,fAHvTaBAOCWcEdz,True,False
TrXFmjcPGgVakUL,MvuDnJTUKKZhNmZ,True,False
ZzdhYquAgMrQcJk,GLMYnybmGxfMgFM,True,False
QiVcqeqTFANLhYe,EKncnWgAYwnkGOt,True,False
sbTPjfSpxWUWfec,JjcrQyoWLYBnhQe,True,False
MCOLdZWhAYSDDTz,gpLPYgzQgdiQPbQ,True,False
KvSvslYZqtCHKdx,MJhwcgmblUphRIw,True,False
oSvmoXZxvamrYkh,eugRcPMEQyPiile,True,False
WLLispIewjjUgpk,QpPMNRRgQYGBIli,True,False
nuXvutYbnxDgyTA,malzYTGgMWZjELc,True,False
HRsGfvfzEHKsnQj,jUXPnKGyLclzacC,True,False
WySftjsdVMoghuY,NENqprNFBTkOrRq,True,False
TkgCPqYMadesgmA,fHdELDhXFAVLfaC,True,False
LlWHoTfHQIkrwQa,payzgQkWXvFqadY,True,False
zmphNxisDtNGTmT,khsPEaaMQWFxXgH,True,False
ZAIYeLraVeYsPKs,qlAQOkjFHbaXvmH,True,False
meyClIIFSdmrcQP,exdLWwmCSWFRhzx,True,False
ZpaObpVrySXKznn,hnkxuPcXCMGGVbx,True,False
ZvbHiQbIlMNwaCD,feRYaigGcboxZgX,True,False
UHuTzQVsyTmuDBQ,lrZkjIYSlGRmMDW,True,False
dTfqVQvMRBnlVtD,SfUlmaKoFDunXGg,True,False
shmyMXadtGTxeWM,LmRpzYmOPBgSxvV,True,False
QEiPPofywjcFILa,yjAuMkagBDzKdAf,True,False
QHDmEylEPMejKEZ,ndayKzaAgmwCleH,True,False
woxXHxNPWXjgufY,BPDjOtNGmmVFMDb,True,False
pyKqaCaBLnXhjMa,YdLInwQCQeIXwWH,True,False
NmZkLYySshMILyd,QacIULnFstektQx,True,False
JqIYWdJWqwPEDpK,WBGXLFCnoJotHQU,True,False
pLsBdkPRvUetCBa,GPsUyaumAAfwzku,True,False
zOzkYDJRGHXqXbB,mVwvuyinVGwqhBf,True,False
JSONgGsNdAwGRNF,HzxxFEcpcYMRaZB,True,False
YUSCXrfByLzMyyf,rsTAPfhQQMkrmPD,True,False
kpNiopFIquqRIvD,ZQZIUaLMfadGIbv,True,False
hshgTykbRoUBkAB,hiLnnBqpKDfOadc,True,False
CXLDpwlGkhHcmrg,ElqMNRxqoglnIvb,True,False
TrEYYpYaXitUMJS,bNZOjarkUUPcsue,True,False
UQpxYSxvBhMPKRo,zOhpniMhvnCqRBf,True,False
nrZqnwRRQrIdPJq,WDIcsbbdZehBDeH,True,False
WzrRnPxgexcXjzx,ISdTJvHYZrqHswZ,True,False
TSlqXKUuvIpfcdn,hdwSPkKKRHoTIUb,True,False
jACErqiXmsueLXT,SErCFKvZekgxUAB,True,False
kIfWrnDhzIrURPa,IGCjxhkkAaoRxAA,True,False
UFbNOymPggVfIAq,HiphgILXjXamFWC,True,False
iVAtnbijmNekEok,ttdEcRejKJmQpnO,True,False
qYGzDBUCbuKCINj,bgljrcneMHreKXs,True,False
wsrQPyrvfAwLSqq,VkdkepxglwatZPy,True,False
wqvPPKHBlBlQShv,mZRBDtszYyAXcfb,True,False
bwkXOBHRWdnNGKB,ZSqMEDunbKSmbfc,True,False
gAQcwMNkpMzqMmu,jIEfQoTNFKMIObG,True,False
toRDibiJIMzzjAt,SdVsNzuFlYPlVSY,True,False
QhnlYRmToMFpbYB,QuPefDRsJhrimDb,True,False
mjlntQLcJUKVodR,jXgcorFPPIpZcDk,True,False
xemttmcZKSHolNP,YWIvCDIvpIBRBkH,True,False
JYIDEgoCHVkCVLl,aTmCphxQAiORzJk,True,False
TtrluqetsZehUak,uIvPNTJWhAlONYV,True,False
NPvcmFLxJvhKNYN,TVqqBieUGVeAKFk,True,False
SlNndtkEsRsUJOq,cDlLWzqYPPILwIV,True,False
RXYTqfLEFccTUPE,AmyvmlhbTDFLKuj,True,False
ZnrjKfvJvDlTqHv,PNhbJEPWlpRLckI,True,False
xyGiltAFyqVhCzy,SAfyLovqPkphfLu,True,False
MSwqzcCIKHJtveE,xciJzIRpcBVTKKr,True,False
zajNYaVfrMHyRUC,owldAmgLUrwpgTN,True,False
zARBDkaRMiBgHTZ,DcFljgJlFJaFGIz,True,False
DGSiIXRXuRdRYRm,TjsiJIgrGWGZMHx,True,False
DoYuBvQKDVzmoij,BfVsMmKpbtTpJWy,True,False
LXeVEmNXojcLogc,dxDPeAlZSdNeYyP,True,False
HCEylgeeKHmnNih,IaxEVOcQIbaebqL,True,False
ceaODOkUNDWgeyk,ujmTMSrCPNczZYk,True,False
nolgMZJzaeuSFxO,trVdQBeVtDdxzqa,True,False
hsTmpbRnmEyQnnB,nahGPymxSiGtIJb,True,False
mToAIlpwbsuLAzU,HSThBDNKxyoEEQg,True,False
AtLzNDrGYMlBgfq,dnFGaQAXrAoPoHf,True,False
dlUKKtOKxorRavM,kjlNObgxwACibmK,True,False
OilvLOFqxkCXWuU,UGLzQVIeLaGBJQg,True,False
yTrtyJutdYrhmnb,gGxUXHqnyPYWBha,True,False
uoKFoWUUyeudyjQ,WAWaardROTawFmL,True,False
JHjHNbVZSHXrOMO,oNuOqYzLHdqdoak,True,False
DrHtVbMQNXnzZUA,ApGrLOemzxsOldP,True,False
dhKLyVVbWTYymni,NRfWWUekpGDGbYZ,True,False
HEZbwJKAqhkkFZv,BGNmTPDikwqadAM,True,False
qzlsWtiTPgGnQOx,HRnSDiZpLRmjIDo,True,False
bsoHryqrGThBtoi,XLlpKofIaPyMoZs,True,False
mTsjLnnIBqYjtLe,IWYywKREkevVQkN,True,False
fgPeduRvzgbiwJY,AkkIjCgewZkCbQH,True,False
YqPOZXjTtvxipwn,MlPcqOivrAfuQca,True,False
MVimxTvWkVUkToG,DnwFPOJMpMprnjb,True,False
OQUFuZSJSROyrVl,hbijkPgMKYzEimA,True,False
IQBkYENbOFUXGlt,bBVvtryQwkOeNwI,True,False
HqozMolXTCiKgBW,UepqECHoyfsrMYT,True,False
kjoxguITrnJnsHU,RBEwvXIQthKiGBI,True,False
qrhwxGVOUvVoIzD,XXvKyAifKpzXOrs,True,False
UhMnUEMsmVeMwOd,bpXpynjSqAuFRHK,True,False
deaqJJwkxOAitna,WozxrtkSXktcreI,True,False
bfxYGnDaaVicwwn,aelnXyXoRvGqwpx,True,False
NdAhBLOEnsmUHoD,ubctGVVpNJSaIui,True,False
VJLloKYShAKYMuh,IgZkQwZfOVKmwuC,True,False
gkdKnDZHICKPAWb,KPUknBEPHrZqHVy,True,False
mmFmAbultINsaUy,qEISzdukCliCuvE,True,False
CFaJvuONxuUKKzy,yCPsfELtKHlTdTN,True,False
pNhkHSpWCcCbXwd,haKXcxZJQxwfcQS,True,False
YQyvgLoOaaIuWMA,TsitdRbgZPdRNvk,True,False
CWSClKPZkaGjjOr,KPpXYvjKTpKuXFC,True,False
wQVEHBWgXbsyDOa,htMirPPSgHLrXZl,True,False
fDQpdjxJJMTVoou,wxQKmrLyIArIjgx,True,False
YeMoXXSOhfPHzVy,PEYvMRwdlVsnFeb,True,False
umBHCVGPUxMdVoy,wpHTqzcjBpXaOeH,True,False
vtKkYavRMDFzBDH,yUmxHUohoJkEtVn,True,False
gUXYBgNxJHitbUW,fxOtaakvkclQYfy,True,False
EIcEhUgUXlkNHBH,GKdnrrTvpVhXnFF,True,False
nDnIldfbroRGkEM,kwCMJmUtZDulPWc,True,False
WESeYrEYznlhrmD,AScGyesHeaKPDzj,True,False
xcSNliOdxthrYGc,OpHcUKwhUhiNsFI,True,False
YvdlvagGMLwDJev,DAFNAAhVbUhhKZG,True,False
WXfQdpDwGNoNJwZ,PzVaCLiKwmiuojB,True,False
uIIaqpnTfQLATcc,LEpCvwUMFRtDcrR,True,False
IRZHATSUAuZgxMU,qgwOdcJmMCRytZJ,True,False
XamDlwgAvBghtHH,SoUfeKKcFsYivzM,True,False
lNCMiqexrCpEchS,HsSywQsoWsGmUVZ,True,False
gkRsfEYGhDnkxkH,VDkdvqPFvnNoQXT,True,False
yEaDJEBCFEnyRDP,wVGyKtgchcKCJbR,True,False
ZBbYGTgiqLbvPkL,rSQNyebGeJSZAUb,True,False
NzLqbchRKztPFiL,urwTUsDBilgQgjt,True,False
xsTiLhbPvIWEGQp,plcscgFNWWJwDwV,True,False
QgHYYFnUrYChTnx,sciRfqSLicrzeZQ,True,False
CwmoObHPXhMZYhG,TrPBshgPRinPzEH,True,False
IhOdGumYgaLQFyO,DNJFVEpnUqrvXnm,True,False
gGcPFNtgczaqyRr,IzkNugEgSYHvczw,True,False
rtHDvNKIgqMRCxr,KdrrGFASFGQPWjL,True,False
wpasmrCILRaRWnL,zWsfekoQHmTjjdw,True,False
vFwrROEMhmMrBBR,YDTUPFjoyYdyfNf,True,False
ouvYwOMoCdpudyl,XVpIjUWrVhyFlXv,True,False
QfGoaosbpreGSMx,vAQZcgLfHTWPFzi,True,False
VKyKBPXWarpJCjR,EnBTBmeUHdCCCwC,True,False
dVHBRRpHcrazEJg,jqVOXirRJtPIOyT,True,False
VuPyvZnMVBRpvGW,BPDLJLdoFYHyqcO,True,False
EqtPkgGfnZrfPHV,GXJvsNCuHonWiMv,True,False
stmRtOVIoeyiegj,OqhhEdJqsVPRQYU,True,False
fRYrJWCsfNXgZCR,RCUPHylceBzOYcO,True,False
PDqFuxVCygqicAC,wmUSQGXnMhbyZAn,True,False
sqJXpAWNXGMIUHQ,POsRyFyWSNaSMUO,True,False
MzxiyRZqbCDHXSi,DSCDPZvoAOkJXDv,True,False
sbCtJLPTerHKTlq,dQFbyvFJKsEncNF,True,False
tJrOjOLThdrKJgw,DIHZBemeDlgsaxz,True,False
XseIzBRejcRJJLl,HJgBvyncDxtpEZM,True,False
XNOwnqwTONTiqDp,THVBkGTZKepIiNY,True,False
JjqiKAsSOiyHmqA,nMBxmlyDXIYHWEY,True,False
QvPzZmGnrBeVkZr,FFbBEJlTYnjjKdf,True,False
poZhopxzdshJwas,aWPBkLzOeypqyQn,True,False
tFSLIPEEFzIWKJU,thgFUAqfmXKcEBx,True,False
TGIaFtKslSFYTKv,XsZnELjzoOaRYOJ,True,False
EqdjQSlNQhJossX,nXXBprchxCwiCdo,True,False
PDlZUgUlCtLULXT,JwzpmygmjyazkYp,True,False
cYGqhYXfuXYpUPB,ZcpRrVcLBmqoEjm,True,False
yOAzjsCqaGwzPPz,PnwdWCQKuMudHuw,True,False
HlYezqDmoMUzGOX,olfHrTerUilQhYc,True,False
hyKZkuexIkycyVI,eiqjBMnGEXaxtbx,True,False
XKaLQKnJUkvjGIa,iYFfXkHBAocFAiZ,True,False
mlXfbDCLosLiHpf,WagpZUrKnWFVdng,True,False
bnfKiHEGLqELdGn,ULSIYqxruGSNYxV,True,False
tGDJScImDwmBYqQ,iBHLRRAUzTZzaZW,True,False
nmImDnKNLGqjNpd,SVRvPJZGioGJsyH,True,False
MwClRYuZWWVXbmH,ByuPxMpGCAySmsx,True,False
PaOLjuxFCzBEYOt,coOukeKrsGiIhhG,True,False
cVKvFmUbdxnLoUt,SJyJmMSBarSyslR,True,False
AznelWeTGBoLLqe,uFQtMapLjBuXjgS,True,False
fpvMkTYsMnIrKaC,XESbXcyObmQKWYs,True,False
bdfMDqqSibjcxFk,YKtScvOxNNSVGmk,True,False
TNnTngdyMznajQc,TpeLOfjPjSKtfIR,True,False
omeDXyHRYkKcMWU,FUumhLoqmFqQtlW,True,False
kReWuttymnFJXjO,OzFAcezRCIMcsOy,True,False
oZLmkwEEGMOMiRo,wsEbhhtZpDQjmaC,True,False
cJpQyilPnQQcEdg,kmypzDKmsbulrZV,True,False
hZzzmsALMubcdTh,LKDJjpWPxVTnDhP,True,False
pRVvKgqETaJHecl,xxPmcvQKcHTqBHV,True,False
HBrHkVhKvYLUfWL,zIyXdrXqQejdiFA,True,False
IVJSDfHxSWHcUMb,HvbceeoAcSBtqvh,True,False
YxuYTxVRjhCJMQA,zPGQWbkuSXhixtR,True,False
BDEtXdThYGunDaV,jegPHEpJtuwBrtX,True,False
flkEIuAUqGwtaMH,SfURpuPCoKnczmX,True,False
rmhobuTpZNHFZis,hiAGmYoHAQOUbvA,True,False
zyNNSmbncKxovFb,PGrttmGlMmBgnDl,True,False
hhbmSQWNSAkkVcO,mpDHWvBoROUIURm,True,False
SZhnGcZrwCbReaZ,xmiJlIWrgQxLzpV,True,False
EqXToksJmdVFHMj,RSMmLRXkxIAwzQU,True,False
wiKMysNdprkCjsB,zyNUcSDzWqwTVfj,True,False
ciSmybMdyrPMwxx,dtUYXxgErfXsKbK,True,False
gWqUuOKJfehQaEr,ulBzdHltpqohIQX,True,False
prDgkIMPmhaZgyX,TEeiHUyBuqajfJU,True,False
pnTLEmOUCtBkVwE,HNgpajHUQzkPReH,True,False
epFVgwDKkcBamxs,sOVBbMiTbFoBbsU,True,False
OHShsqSPwlqZNkH,tFqhQNEMmizyHRJ,True,False
BjcrPpbQEZIiwIH,mDhZpkcjYTQHisw,True,False
qdSSSTyggHExBJM,UgIzBKjEppxfDAP,True,False
bqilyMHejFayFpN,ohPOXKoqCyHzySt,True,False
FtKUSutKPzasoFG,jaRmMolpGJTNjga,True,False
GDtRKGUYVcKEqBu,azxuGFoGMiDEWYZ,True,False
PxoIitVSnpBOWcZ,hemtdKAncjhhYqO,True,False
gQugNEOUOTGLLTa,DyuqPtygnDyNryg,True,False
HQMFybsazjqcGsh,HPLRfcnYkwmnbfC,True,False
mTNuvHKGPjBZuMQ,qOmmIAmZhKOTaQl,True,False
UjGJTrogJWnIwAA,aNJApGCbYIqvPUO,True,False
FkrjyBtNHJNiknv,lfTtPVZRcbhcJnb,True,False
vzpTjzfrzWFhzVH,JdDXkqlIdlSrZxv,True,False
kuuLzrfNaOhwcQd,xGWVjfdIXgVJuPK,True,False
JaIIdIRhivgJWYF,gHVilTwdFaiAUwE,True,False
cwDkApZbsrQiGjO,UhDTprZFCXSpmzR,True,False
mMPzxUXDQHQmYiC,YEBahpVZCPSEnNO,True,False
hqTSpMiLUZLyZJj,NuTdsRBVRMCqQwe,True,False
YPblhUAcUBFCBgo,UDSFfVNCsiggtsT,True,False
esUEVXbxPJTGvYU,VTdOgGSFEBHHJJZ,True,False
XqxGlQPBpfcAIrb,MJfQZJWZfTBzaBK,True,False
VXyScbnuYnrYRjJ,LDoIaNIaDtrwPBy,True,False
vuYSwwvdIsRVPBC,dnZevJHGRQnoWxC,True,False
FZtIzVNkivffwUt,XxLbPrIXZbUgnBE,True,False
emJvDwjfhKumHiU,BoDuYRWUxrzbFdX,True,False
xmYrvmGLEFnsGqd,HjGPjXndGTIIaTf,True,False
dYzFyRrQqLdNiGk,adpaPvcxRPTvVgY,True,False
ZaRnoKsHNLEXhdO,acKyUjeAKERTjOD,True,False
wjAkRGhQupJmdeo,bJGwnrFuVqDCZSC,True,False
JkYlcLseyyBJInN,ofVwNxJjfWyPFly,True,False
igdKASsAdgfFIae,fYaYGthCiuRAOIw,True,False
eLtvXYrZJmZBLHo,IQAkCkvqvlJxbvE,True,False
sDPvfNpJpbkxLKQ,GRAhYxmUOMrkWZd,True,False
DdCTYvuIgCiPmFf,AlHDgBWncPQqPUp,True,False
gyCPsBtDbTLAmPT,GEPLeokFswALqLf,True,False
MaDxpDBccJmDjuP,WHfEneyVelVFIOG,True,False
qxbgTyVLdFpqDuh,dOyBtmvZXPDJiNt,True,False
kmbSWViMWkLLLGc,mMEMuVvBlgmpmmh,True,False
KcrneYvJczoNHZs,lUrESnLPfWlpuFu,True,False
JdnvVaoWPGFXFUD,JJzWgFvGJacXIYT,True,False
rwOAtvTdsgapmyS,ZmVQDmJZVNJsvHl,True,False
hwWSuIdNwNtwFZV,PXphTXFOBtFZMal,True,False
QxcMNmlhwiftWgL,NUxywFTNYpmDhue,True,False
OtcseTyInpRfoJP,xhhPqGjqyBsqzpt,True,False
aBVvGxZPQoHvbFo,FhInhAjvzWVAqra,True,False
wOULNWuvQtEiSUx,qRJoyQIyvqyNjoG,True,False
SHZrjezwyFXjxFn,vVYQWJScIouvjHx,True,False
kqDPoJFLvEzAlEc,GfYNCbkMTRsrQrF,True,False
VMkwToVOJhISFpA,ynriUeceEskhZlI,True,False
duOMduokLDHgVrU,ucHyNiFtKZMYRfY,True,False
OjAzelNnflsekWn,EHXklUnIFRWwtST,True,False
ttemrhpwZRezbZc,WGRLHWSftzfLfIl,True,False
jbynAsAqhkrdAbA,eQyhOOgKuXGNnoA,True,False
SrPaHcolZYDqCNE,SpBPqeuXVlGTcVU,True,False
iSkzWefWUqrvonD,NjrFnPuvoMAzjhC,True,False
eJtxyJZFvAnyLdP,SUvtxDuWCAhKxar,True,False
XIZAakfVymnaUpc,AHEYeVMlfLaAZNJ,True,False
qtoLNBdXzaSrTIU,kNOWjwzclDAXnIh,True,False
hcYccgCiKIxUXqI,RxZIvLmlizbeLJM,True,False
UcUrPvxirWYYiPc,MeMEYfgUTMfZFBX,True,False
jeLFZnjduboSdig,pXDeznDBujzNXfE,True,False
slmryqvyJRwujwt,SmCdzNqBhIOlgPB,True,False
jlEVpzbvDlXOGhA,QVxXtfjwlueQcuT,True,False
TFcnerucVxoGzwb,kFWHLQdFAXcjSRi,True,False
ECCkMwBIdmOOstL,gbVAiPBtzNVUTzE,True,False
oSvavEsNpPjWbId,YAOkxnVrKaDNmAy,True,False
vuHrJzMOEBPNPxK,GkwaqGmixFrqeNY,True,False
LIPvhqyQWwjxKWl,bThjZcGrpANvBVT,True,False
kTNyAopEoHcubHv,wkqYqXZpPTOWWxZ,True,False
egnuPqyoQBLvYgA,wRYYjPEvThWAGSa,True,False
BagppyditAlWsKc,XKaRupnTaZTPlmb,True,False
EBvInMLuZfwcQfN,BBnAYLygquqbzyT,True,False
nhmqfajBzTyXdzO,VeNgidFxcizpmPb,True,False
wkGzfctCUslXlQq,WgkVPOmwsihGhIh,True,False
GvIHPVUFOhhvRgC,pSPMpOQTjcrrQel,True,False
hxHpjOJpHMRgCNL,ufDyYmOTZJYeTlU,True,False
TudiyjJJkvfKKVZ,bBqzRmTajCsAFJV,True,False
tQdKOEKOwGNxrgA,fqewcHBHhbHvJQi,True,False
oTwmPsrZyEDvPZT,qMVhPjwgkPpQNVK,True,False
zEGzunHESsIXeKi,NGfFiWopFEPehly,True,False
lgBfouEWdPTkOKC,zXlOBAvsXOZVDKU,True,False
eFflPSbqgiFgheV,AWFiNPIGeLYwACU,True,False
fEluxqqpjOtfaLP,tdYNKMWhEItQcoo,True,False
NrwGYDfklCrlOrI,yQvTiYWvFRhMWJO,True,False
csSOIWqubRXShsP,XkMOBYttaMhlfSA,True,False
YicmAJhdWzZBxCN,LPhOLJGKeQdIWpj,True,False
xSUdyBHEQPaBjAD,gfBjWhjzdMWdIFj,True,False
QNbAOvqocvMvXct,tUALTPNfSmwLlVX,True,False
yaDHijSyHHSsPCu,fDdsMbnPiMUxJDO,True,False
ZAeVZHSJPvUHCUk,jcGFYLLYYOcaXdh,True,False
OGpAzAEdCvISEkI,LduaviaojpvqmBQ,True,False
wonuaEVikevcJYx,hPtUYjuQmeJQHJp,True,False
JFAACyjTaauITQJ,XsfTcsPkYpjCVyT,True,False
jSmnnuDRXWEJSRU,mNCdpSTGuSIMKuj,True,False
ajQwcybctjGTNJV,AQCsrZSckRTMilr,True,False
sKSqsVFIloKYFzg,yXkADGoTnuhHXMm,True,False
AnHxispUNAHbiUa,soOrZgEyLCRRNZG,True,False
EqsVTyyHZngFKJi,uqbtrUjVPkVZzCe,True,False
tEADKksmAruaQUE,ZpEaqwwGRWInyas,True,False
WVkBfhgYfEXHDeL,qgmYgMgrEwxjoDS,True,False
yaZAquygTZeXOCM,CZHSMQFcFAZUUve,True,False
xWxquphmBfKHcfF,yCfFIjsvOkdAFTc,True,False
ajMPbRWpvXLLIjM,uhePRljykClHOAl,True,False
sOzCTjfZlYsTUzO,HfjeobFNauKykrd,True,False
tGDelWwihxayRVx,lXxCvUvDLnHCcei,True,False
MXswvBroFhqnCKq,dQrgVzqvMGVxrLS,True,False
bGWHKfAVWdCXuSu,VbiziJgyCjVKcGy,True,False
XBcQcqCcPUTOlSs,IEQkHgejOBdeLhU,True,False
ynqxvkEUVnafHtr,chTHlORIhoUdEKh,True,False
SsUzDmbXAHWYZtH,oMedLgECqzIrrYj,True,False
bhuFIRHVMhaFYJb,MfQjkqpvSbXqimk,True,False
FjlVvAqmqSVPMGf,UqeANCGxoWZcqFH,True,False
ZapjPJeKtuLfuOe,FquiwuHMINFcReL,True,False
unqGjSNwkTbTQvg,nYEHOYTHWEbnmhu,True,False
bdGIMMNdWZsYEXA,cMSAQTAjojeSdVa,True,False
QmmwWiliLPdgyKj,gxttbqFwdxGsHIM,True,False
vByFYZbIBwxHOIR,HmbObFXdKduUCwb,True,False
ChSqNsseQAHbcUl,NoAFxWlrGzswNvp,True,False
yjbUSVEDdeuKXtm,vVhIFvctCxNVPKr,True,False
ujpIBLtlYGbZNtz,QvxzlAFGEEHfeVQ,True,False
IeLldBQHWToHfUl,YQJxPPwrAqHkDmp,True,False
dMnZmuzStpGMIIs,sWjwOELjlhBiXSj,True,False
lScxUawhyQRTLTq,PNDUWYgatoJomjv,True,False
SwOgEiBzkKZHTOo,WrpAFeUDsNWnGEa,True,False
jAdWxCJielxFHYm,VSDyIGHQvRTKRRd,True,False
JxiwXhlCDgLfJaO,JJIrupyviufBqWV,True,False
bDrUOMEPjXWnrWE,OrHPNFhQTgJoCXX,True,False
lZMZpgtFFXdIPQd,EqhucdoPfBBXtCW,True,False
CAoPLFjYMnAfKbH,NnvHtAqzRnePlbQ,True,False
jzbmEDMCrIVozLR,aYbSypOFkiUMvLn,True,False
hWjuETFkjdAisus,ECIhsFNuOdDIfIe,True,False
buWQyNRMArcBOnj,JEsOsKrwcBSGhuz,True,False
gQMAipxLELIKYYu,sGwAAgtgkMPAXEF,True,False
SBTvUoEudkIAQrJ,vwbngRspHgXEejN,True,False
zXjnJylqtgvsyBG,ldrsasrafTFQSKj,True,False
qmaTxdoWlmdvzgr,bwQGxnQSpMUXyhN,True,False
zwQAesXReIsfSwd,hUyqznxwkTyfCcO,True,False
sslngsYIwziXcxZ,GCVmYAdAAoWmQKs,True,False
GedbcExOSTCfBxU,AjlOCevwofrUFLU,True,False
CmPPTKgbZEcAFnn,UPSPgRHlQWxQCke,True,False
cAkueUAYYUdyFYg,qXyjflAMNtvrlGp,True,False
KqpXgVXvorUjHFY,rDsCBGbHRdejuMw,True,False
ygqxkqPyOVpjfNz,ATqfiQuZKZZsqvu,True,False
FJephUbDCgkYsKE,QJepriMAzDgmVOA,True,False
UQFCcRYaiGWUgnw,NhildliUDDHSqjp,True,False
kMYCINAWlZshrLx,vNxwJBNyQcJTwWM,True,False
XZhUWprddHqTZai,CbhOOAilBoDAqcj,True,False
YxHnnGLnPJJaImR,zJMXKtQqlyxQhcs,True,False
rcIBtSDahDhEoBQ,TLnisAISFaTFlDE,True,False
eIZzdvMrdNGvYjg,JpCPIGYxsWitHqs,True,False
jDbEJhVHRgmeEdS,URXbBwosYxYrupo,True,False
BvoLXAniKosPsyF,CllPxIJACgMpqTS,True,False
fVwlTlRrxfzKCXU,VkeEhJJTAiPIDKS,True,False
BCzNLQuJPHqxogj,qfACQZEoYDKZmTf,True,False
RljyLRjCzHuUEYb,iibYOGClUgLpaYx,True,False
PXCzQqPJOJSjlUV,HHAmadQhrasldbm,True,False
dfcmBVSSKKpzwkb,LwJyiqyreqeJinP,True,False
pNdWIdnerWCeKsB,ZzeTqGDWgMcnbez,True,False
NNHyADtTICuemKp,JgnFvNYrGODtWgs,True,False
UrhykHLNjJfQCXl,XtFnkwOCuygitPG,True,False
MZQyvDZjISJjccF,jqFBLKepKYeaZzN,True,False
YBiknriCGsRzgrP,hWxbujZSjicLMsz,True,False
vWwKfELtUnGKNCQ,eKyNpnNfUJFZlWj,True,False
zUMcfSzVhNsFmFD,SHdPaZjpMpKmCmt,True,False
PGetJcYdAlghsmx,GuRfSxkRkUnVjud,True,False
UKuQXHhckQhGyWv,NZYQlHlTbJpsshU,True,False
GcsZzaQtBJFVbuL,BrpBHivFycfhtMS,True,False
LJXnWhhUKccDjEx,GYBcjLixOAiBZqk,True,False
krHisQbVACZaXeT,UtpIDzLmPrSjtfM,True,False
bPNPbgHuXsJpVDU,FcWJrcJSgEjsdrK,True,False
SknIrOScFyYnZPS,voHWjPVitECzdHh,True,False
HGADxiHMblvHour,tpdjxUVTWGjgCzJ,True,False
esrvJHEBLskrpLI,AnvotfcChQebpiB,True,False
QpuUODVGFuqDiLQ,EBzuVQCAMjvUquh,True,False
FarofcCtiCrabje,zflQrXCUzniBZNq,True,False
NiHdLkxcnsxkROK,JUSWmUqXvMWIfRf,True,False
deElTIPOcgejzgo,QTnBozYcVlKOwmZ,True,False
DuoljKhkpkIEcmr,lLRFTNEwNUePQoe,True,False
BNhWdNDCALyCWQL,mzRlEfVASgUATjP,True,False
eOjzOKRbkLwPEeq,GdKTQhGxVzudVAZ,True,False
oimwEXoiofhVtWj,YUQJxiWFeIkxTWG,True,False
qMFsijtzCoWpYkk,zuXUWbdmiLGtZtq,True,False
AvRMrDFLDuMWmAq,YlyZsuEAveIBIVS,True,False
KMHpetmQvtHrruJ,JBYjHluyPCZtBWV,True,False
QGhDTRUGbVCObin,wXwPJNQSryclOpk,True,False
PMOQtjGULsQAQvA,BItRWuObIYvdcgc,True,False
LUADtCQtzWavPDy,KqetIRTSWbYxQzo,True,False
qZopuZmDrIjEWbA,EXAccVqGlORcAth,True,False
FGqPhrrSoHojOqL,GQPcCpjRQWoFRak,True,False
HwuiEvJujKnmOeW,UExWGMPQbliJEMK,True,False
VWHdZBzdLMwGhbf,KWPlgDKklHuvzdy,True,False
RrSBrLxnVKFjkIK,nrMjuMtkmNZmjVG,True,False
oAQwKwrZAMjAyEJ,ilOrnLSsjUwmGzA,True,False
CFjiLdlvQEsWorg,sBhYGNQCFWNUnjf,True,False
sBLrHorisuGygyH,QgXtFlfHhLPYdlB,True,False
bRIPTIzLasUNJgM,WsCKcmDJBEccRGV,True,False
ZjLKTzHrdqEYwIZ,fgpIHSttMWTlZXa,True,False
hxCsPjSLvKnQbQC,gckzMgNvRPdqOlx,True,False
ZdrHPBtSaSaiEcY,quLneutZpmIYDCX,True,False
uEsGDefQjvIjNcD,XatasxHgVgqdrnD,True,False
NrqMZrEltKZVqXd,YEWgeFMiKcYWAct,True,False
qTvNybgmEtVyopv,HGVxBkkiXYgIuzA,True,False
qTIFZMsDROHlxyC,MnUCVrfHAvCTDNF,True,False
AktmsrVZEzIewbn,nZEQVYpiaAgzLQR,True,False
HHRcLGFBVJkGcgB,cdZVMpgnjwpoSbH,True,False
wLpGQDDnnioPRqI,XbAfBOLNyZKNSgo,True,False
LOxRQUFZaEHwNIn,hvwdXKatYLXdWoq,True,False
dQEFmSVPjZlxLYV,ueprfxKPSuevXSc,True,False
PllZwSpiaUXtjPU,KSAGVOOmzkObsRP,True,False
UzsWfQOshtUrlsy,EukaKZmozQyDsgh,True,False
BRGUEsyRNWjYdgI,tqtOhnaQgYOHNqY,True,False
YvgxxQtHctivziG,fPiInixQBhFwcNG,True,False
wIMTGwEeGmyKict,eUrkkGLyrwCqxCf,True,False
ZRUKBldOOJJLdzL,LWGKXesqFArzMuu,True,False
wPgyvQQzvRPeCOo,TIkQofbXfoQvIjb,True,False
KFjgBReYvpQylWt,wBuxPORJhnUlzcC,True,False
VhSHCfolQmkLwSY,IMIPpjAijQjfVGB,True,False
ZjlIDSTwYvrtSFI,pHFqeHvoTvTYXFG,True,False
GRsoBepqfGhuyuz,CiMcGQxrzyyBFJQ,True,False
FFFnIwfRmdELZIu,IjOKSdjytutBELj,True,False
WlcYsHTGawmIjoC,bdnhDtZDHQxxUkD,True,False
PhZPwSQjfiAXobT,ZstGrnjjIZDuTcy,True,False
uTXgVjjDhFeVbkS,HELIDcFGiawQuiS,True,False
JYejUknROrZsSxY,RpXKNwOuyzPFUGi,True,False
JZUWtyiYZgEsZqC,PcbhjetpTzZGHPD,True,False
QOsPRXOENifgpcl,tZbOKOzjKfuePHT,True,False
gBpRbZYAZMZbjpJ,MuUGXGzeheRVkig,True,False
HVTNuJxfyfQRSxV,WZlPYsJzVFYdNvG,True,False
EoTgQJgywJSvQAf,GOLhwjVDeZqpmNI,True,False
FSrQgQfJWKltGJZ,CxvmZyFOUVCUOot,True,False
kbjNiCepvShfNTn,IWXbJEFMccycbun,True,False
lCGLTyiZvkzYVtl,MmUUgCAtObrOEKU,True,False
vcoffKZdmNIQxIX,dgRjWPrORsZYiRh,True,False
vyWYJTzJrvEQPde,hAjrLOGrpzmNAaD,True,False
WWzQEFuGomIETGF,ayMNcNagWBNjCNg,True,False
ZWtrkKLHyQbdtPu,FxTasYhVaDvhdJW,True,False
XWYalntfeHPUoxU,SlLXFTPCTXUhNiC,True,False
pPjHNrZMttDaZdY,RSSUyjKhIZEtrqI,True,False
oUrsojLrqGsRqve,xlbtilYDcbeBOHv,True,False
RneAtwoDHlzIqUd,whCXAuJRynICbta,True,False
AmhicQonaNKcSCI,DfqEYpLMZlUFLYw,True,False
RXgIJhRosTHEJqs,OvDyjNNhmKQABAC,True,False
qnJlZBSAsnqpjQs,ydemjtJUTeCayJj,True,False
QvsZqZvnuRQVONx,mjWvcESsDbuwrrf,True,False
xxNedLrCuXVupjf,YoPhsSOZcQYvdWl,True,False
lpfpUNyphOHkcnS,xrNEzzWgJVFHWTJ,True,False
rZxcjbSIvGcyPrK,lbqFRtRCVAlNaFf,True,False
wWpOgxFRRRbWvTa,ZjJNrCqHqwpibbJ,True,False
SmpPDqrGuWYoKhi,YIwdAbakkigBbSH,True,False
WnJiffhpLeNIhyz,bbSTTaygeiTmtlS,True,False
jSSLTtUMXIPFKvz,hgommnTSmXbQULm,True,False
xQFFsKIfrRgZgPC,zhRntTzWIOmhHIh,True,False
ffzLJFOAZDxkZvH,zsVOzqTanQBXhbn,True,False
DsQIllUEqpXXsgv,XGrJrbHGrJSBGmq,True,False
HwqNoiXoixszbCd,BXvVhNsEHUDDxVZ,True,False
xdxMEbgKtZlrQRp,gQZosdhFfsrJgHW,True,False
oejMsXivKBhlGKN,VZfONwUyPqxzTZt,True,False
hYnvSqKkjvQeMzI,tjDYoMsrSdtcXrY,True,False
REBTLQAtquyzMVI,nvnnJfwvNqRchEz,True,False
vfxbPBeZviojUBk,yoflokDWpVlKIlx,True,False
yqCyyScluOVnTPJ,SkdSwQTrskbwNyr,True,False
mMDQXBRvlbOTZKD,XScycKlQfeTIvCT,True,False
MXyglUmnSbdZLwr,JbIHoowKTDlVFZL,True,False
UfKtOwnJHmvlVJa,cHgxJqiwjopVxRg,True,False
YWXOKqjLsrVSPzx,DRUnNuLsXoWxuFE,True,False
lOvYGkqNPHzojos,PYvsptVBVTyPSZj,True,False
FuddTtWiflOAztO,NzxshQCiFrcsuVk,True,False
XyckNaCbGXegSzy,OnNbdbMlVBslfbO,True,False
OklMPeuuMUrTLcG,NNdBAmTouhoTQxM,True,False
WOnLRUOJVMzqxBr,AfdqyfGemNCCjIX,True,False
rzewSmfacqUiHpW,HfENjdecLfCwAUo,True,False
wETiyPpJmwtmyKx,iTJevZOZMPdgBNQ,True,False
RjCroaSsPJAeVLJ,aPMJmOZQbUvAyfV,True,False
KXguOxjzNiRoaFE,emwQVMZyHcenziE,True,False
TRqChTUgxqQqvJs,fqMvYiiCUdFZIya,True,False
xDSxpyJdHTqxXoa,jQkjFLONaPFNwWu,True,False
RUaoCUiUSzFSCTo,uAzTFlBQVfpuBdv,True,False
cEJCpWOnoBxsHdU,wSGTSDqBUzfwIwV,True,False
itGwJBYEdYKcLnn,JpcZtxPGnZdZnjn,True,False
hHJwlcmLWPLJXvI,QECVRITXBKnIxKh,True,False
bGeinAuZTqkuzIF,qleNfxYhfssyhNf,True,False
ONwkEyMzSPnKeFA,qwhvQnZawUusXeb,True,False
DxCdGZxVAIPkPzK,WEzppZLaErOVvYG,True,False
NQaCylNkMNCfngm,ArbfpTWkqgjaGmU,True,False
vejtZBjwpfTsKIP,EdwUoDsxrHTxpxx,True,False
igcIgCGVWeSWnwE,NEUVhdVVxoqIxSv,True,False
oCoOxbjwKsMIFol,FSsLfsiLlJiCbIq,True,False
tkhCfHlwehKOCqP,tdolBKwMfbFcsZX,True,False
mGvFvJWGUOtpxtd,jUZmuiuAEsbbuTB,True,False
WFkhuSuxHTTFYGo,DaJjVzLZuNIiYrS,True,False
ZPRHVkfBWCkbfbc,KxdmAtGLpWlJWBf,True,False
xkggdAVohXMIHeG,epMKRFCDzYffbvD,True,False
uCUatjpvocpyjSe,tcTJNUCGggBIvvM,True,False
IytqoNzyMvBqsXv,kkiNuBDRkubqBtz,True,False
tZmwTahiZORBJCX,wSbYKQGbEwLzlfZ,True,False
obwpaRaUZMkgrsC,yHvsAzFyIuqYkVL,True,False
VnTBTrKlzZHRiYf,MGhKmwzdgDsotGb,True,False
eyJTuJISVmKJevM,echylctYRUoSCLR,True,False
AyyKscxrabgUOVJ,nhfdPgdeOwiCWSR,True,False
BmuwGWNBhcthzja,EmwfRoVlJTMzaMt,True,False
uyTHNpSokCacRFn,bbWAAjeCQTbOUUx,True,False
plUGsUGDKJUVbSL,AUHpnnDCHkJHGEV,True,False
ufYoKWAXNByodwC,iyTzqKdeWfEOkCW,True,False
sQcwBTQNUViRqBF,utyawonNUQseoiD,True,False
ENKBHoPVLIAGcBP,XkOLlRbyBVQnCXV,True,False
WlTzNdQzFtFcHoq,DTMlGGsMhamxTvq,True,False
qlmsQRNQlFnZuyp,ACdMxsRVlZqJoqw,True,False
rgXpZkLRPEKxGFU,GufOCvJarvSnpFR,True,False
WAcEKKaEpxgtpMi,MgUQrzHnjRUUuQR,True,False
XrCXgixHfsQCblo,LjoLrrxlMdaRvaG,True,False
xplhPIBTAiSuFlW,vFZYfKuonnvvnPF,True,False
geIuoDRIwQnGHuk,GxXOioURtiwgCdI,True,False
JyJHXNZOGonEYft,kxJywjiKZmJeFpe,True,False
jnhmEhMSpoQVYrG,wsznUnXafdrSDyX,True,False
cHZufMQRkzbzDZx,hmsaJUIQgqrfxlR,True,False
PZdWuNiMbTyhcWZ,BkjLcXCjEByJJRE,True,False
XlRgVaBweBNSMcW,ejRrPvehFSwYmld,True,False
TSdgQLNMEuVawcS,eqJVpMNkofmJmcH,True,False
aUgUxzbvexOHHAD,fCfmDlMUbigPtve,True,False
agiTeQdcAbRAbZu,RrdGZisIMmNAQXg,True,False
EhzhJBZmaZoQLDR,lPZCdoPOfrvZkdi,True,False
fcVaGQagqWtZPkY,AdmeYIhMyGhXGfm,True,False
gKyLNvOVMODmbwY,GnoBeGTgoBNgFuq,True,False
NukTgjiQhiSwhPi,FqNxsOpkJMkqzoQ,True,False
aZiVaGNXNSufScM,gulzHMXQpxNgHZD,True,False
AfzSVlgPZSwWWTA,IqIKgQqUKKTHQuS,True,False
QokIfbAiYyRCHov,lNYgMGGApvSSqJf,True,False
SczONQnxOeBXynv,GDTRcUDVczBXVSd,True,False
UmmgwGCeipFkdpf,daKCNmkIgQwovEQ,True,False
kBQaNaxDlFuCyBj,KxAYthikvKnFGTR,True,False
LdggyArltttrFiQ,UyyetJBFlsYHrBS,True,False
URhNOOqXYZreayj,PWpoJzzwizlduzk,True,False
PRsMuyefIjtAFpm,SydxukQkbAmKtiQ,True,False
iguplNQbiynybUZ,FRgRgRKLyFEMIbL,True,False
MIczoogSlFtEWxg,wcjCMNMippEMkwd,True,False
GuxlfXaurKYLxYA,YtXkIGCEaSPHfEO,True,False
QwefqqcZORfDBVq,QEXDaRXrNHpZdye,True,False
ucgtLWNNjXgYAnW,jmVEGQLIxcipQKK,True,False
RTTrvNiKSlMIlxk,JOtGoSKKLNfTzKG,True,False
UQYFJKZAgRpQzlL,tcCDSVsQsAdKGIF,True,False
fkqZmcCfAcLmDbf,HoGDfmRBTttIlEJ,True,False
UVuZgVaSBWdzYoC,zwJKOtIdjEIPWvX,True,False
eetbTXOIKCZlbAi,lHBHRAvHWpLRXcz,True,False
HOVfYlibCpJZjqC,aPnAzeSITyqZQHM,True,False
JdkundtZNwQIyeN,JNoParxVGSpADHI,True,False
ZacfxopNygWqbuJ,DZDfVPcuqzZTkou,True,False
wPhOtVVLlWOOQbu,CTqpnUaFgnkwkmy,True,False
yzfHDoJddjnzOGe,adGElQprBZjpdGk,True,False
DPuZcOxQwXzOAur,puuSegpfKjispuo,True,False
mcaCQeHjWMiJgIC,MZNgTaCTIOLWqtI,True,False
HuYHzzozbTANWXF,LXCkdDxurbtApYF,True,False
eWPgyeRBMmEFqjR,MSTtNeUNdcQkdWT,True,False
hcQIYSLOyeHGpAN,tOkAdPUFwSQfnrh,True,False
nPJsBSrowRQkJXV,bHQpbrszkCxCOdl,True,False
WWIiDEwVXdOluIR,estrmlqQxdvlYeP,True,False
dvhkiIqmabTEqjx,VLnmxDvYFLhQlto,True,False
urydvQlMwxhsPHt,jeKuBEYAZnXMrWN,True,False
aKLLYCbbMuICrDF,xdojUIKCGwzoOhI,True,False
GUoiBWPuxJvaEZs,jOVrAjwJZYrQwJb,True,False
rAkwQgNaUOPKLFd,rqnIztfBsoshicm,True,False
vdCigpuLUHkuTwV,cGSiRoTjMrxHncu,True,False
cUxhipESnTNiplC,rlVjrvYJpTHGwhF,True,False
MfmsAiPbdxIFIkA,JZAmNcIlcJlwcHu,True,False
lwymbTBJmwmgUfW,daObVLJOccMvsad,True,False
hFFgevBcibyCGrg,gOwNUAecsBMBrKq,True,False
tzQDTMghiwXCwUg,zXeoEhvCUAjVQWC,True,False
lFpTKhUUDLfqgwn,mKrifOfcvEyuVIN,True,False
bFXciduPQgOHOoQ,LXxzmdXjRhztXTb,True,False
pEKGeYENiXYDYHL,UKGgIxAzPgXmwHJ,True,False
nnBwUNzxQBlHoGg,pGpNvlKrCDGcsjy,True,False
KSCqmNrPJzoQNWz,kzbGwJKEWsZAoKR,True,False
gPphUTxyFuVLDBq,KwnCsittTvJvPPt,True,False
NRMjWndBqFzqleP,ZFicBwvKLGlFTJo,True,False
IClwJhgGGSvZNzy,RPjlcuQHGZHRGfi,True,False
duRpDEwgamMXmEy,pMsDRRUEASFseJg,True,False
plWDYQtMYZEzgaR,skHfHHGRugKZtdC,True,False
FJvvPLOQqJdzJEY,EhmHEQChwqPzUOe,True,False
ewjNrzIIEHFQPfO,xyOCZljmwAQMCvL,True,False
EcTozqNGQQBOjHc,MwXeXihMsApfEZg,True,False
YEMoAXNZuztNxUC,mTtEoJrTHMCCarg,True,False
DfQvqBssQOCWPAd,bdMUFHOVVMplMCJ,True,False
LqrQPfGBmixjDOM,NLhQNjksVWxUAkC,True,False
nysWGFwxMPEIWKU,JgdACwdojGoBhjO,True,False
TOnWCfSQGbNQbaI,SVCDfYGpsWEPXCi,True,False
bsLwCObjVuSixAJ,uIxySWkmWHyPoFF,True,False
OfCQfGcQRddqLKR,YkHZxvCpBSonBBB,True,False
OLacmTdlXlPbblY,MsjonNbNRPZpitb,True,False
LANJvwQvGOUMPcJ,DdDNkAUyEVQLXdE,True,False
aNISMAvriBNFuqd,rZpcKFPZuEuqWPb,True,False
bCDChbNdoDDPbTY,rllwrvgzRCaJoxz,True,False
SUliSkIYrRLjcYw,MrvnduPdafkRxVl,True,False
WXgDoYIjUAEPepv,wusGJUuEWIwZrjX,True,False
sZILOvcwqWpyxeO,bnkGsmTJUwkdMwT,True,False
kvTpGAsbmWNaeoS,rmoJSbpWpghkEEq,True,False
jRfudFCmLxRWZWu,XkgSYOrLDlXiNnh,True,False
ELkmNVqyQUjFAQA,UWjpFlXXMiCneca,True,False
kFMaYQSujFCCvKO,QNNybdwKtbVwsxL,True,False
SmIYjgRNMKMbyip,hJRQesZACauupXb,True,False
bkqlUQJOPoLtojD,vKUDeqhMLevIUMK,True,False
qhwzasBgVaueYsP,yFfibfcuLfSpXvK,True,False
OFuxItyjHPepsxX,bmFmMrOVAmAkpcC,True,False
CgsWPOrobbtDQpr,IiLWoBZZzeTavxJ,True,False
rHKVLhFrYKMJFro,YZWviKsAdnHkdXH,True,False
lxneUxfsniJVWkM,VIEfYTjgvSnyBtA,True,False
eoMVxiHFRmvztsM,yZydkGGyKfMukJN,True,False
lNgwBnrlRrQQpXt,hqJVtKSsFpLnPOm,True,False
rqEqpTloInWNIFR,ESASvRpSgDrysJL,True,False
